,f_cornersAgainstHome,f_cornersForHome,f_freesAgainstHome,f_freesForHome,f_goalsAgainstHome,f_goalsForHome,f_halfTimeGoalsAgainstHome,f_halfTimeGoalsForHome,f_redsAgainstHome,f_redsForHome,f_shotsAgainstHome,f_shotsForHome,f_shotsOnTargetAgainstHome,f_shotsOnTargetForHome,f_cornersAgainstAway,f_cornersForAway,f_freesAgainstAway,f_freesForAway,f_goalsAgainstAway,f_goalsForAway,f_halfTimeGoalsAgainstAway,f_halfTimeGoalsForAway,f_redsAgainstAway,f_redsForAway,f_shotsAgainstAway,f_shotsForAway,f_shotsOnTargetAgainstAway,f_shotsOnTargetForAway,HTP,ATP,B365H,B365D,B365A,HTGD,ATGD,DiffPts,DiffFormPts,DiffLP
0,6.431696941025442,4.889035813458885,7.911514289114683,12.590283298890267,1.6895720428266312,0.5122086200709388,0.7589219033757625,0.2573179923051966,0.0,0.12395265467033087,14.051103028015218,8.566871607388084,5.315607455031708,2.89563973702786,6.399953898537049,3.9286157758377636,11.934246304382697,10.284486926184226,1.5962499051570196,1.0908536591205211,0.5902044378162226,0.2653574221141792,0.13189031955920322,0.0,15.035359354368895,9.049678529360962,5.6284413264309725,3.3060357625252608,1.0,18.0,2.45,3.2,3.1,-15.0,-9.0,-17.0,-7.0,-4.0
1,6.754009641293718,4.494671788033523,11.188919444927263,11.231266166152091,1.3452915515621215,0.5743038883027639,0.6302176835251118,0.29208202580953185,0.08110520576754897,0.0,14.824160445392929,9.330332569268961,5.024676979559005,3.1275183798756108,4.72042814714192,5.02109150646593,10.558854898540703,12.045246538680544,1.4440793916089851,2.122320141928355,0.8841539019923471,0.8461778737303287,0.0,0.05377377288882934,11.483133011946983,13.860282197433168,3.756094819841138,5.693939129176787,13.0,26.0,6.8,4.55,1.48,-10.0,9.0,-13.0,-5.0,7.0
2,3.450433655488078,6.869595789065295,9.942586292903457,10.033976302068703,0.7573582693707775,1.481118543244312,0.3458401960311169,1.0651901478474488,0.0,0.0,7.900794646302624,15.406107778764527,2.4376667080654646,5.3299989685480345,4.0467084307196775,5.7474455522758205,10.369828746147874,11.872098385461815,1.5093176959351038,1.0503472617997789,0.5887473631833979,0.4613024412881606,0.07657336268551096,0.16349144416556033,8.870308847187234,12.702409323880255,3.238341680020884,3.5449563763661667,26.0,11.0,1.21,6.8,14.5,9.0,-4.0,15.0,6.0,-13.0
